<?xml version="1.0" encoding="UTF-8"?>
<Module xmlns:xsi='http://www.w3.org/2001/XMLSchema-instance'
        xsi:noNamespaceSchemaLocation="https://raw.githubusercontent.com/BUTR/Bannerlord.XmlSchemas/master/SubModule.xsd" >
  <Id value="HampterBattleSize" />
  <Name value="HampterBattleSize" />
  <Version value="v1.0.0" />
  <Official value="false" />
  <DefaultModule value="false" />
  <!-- e1.7.1 -->
  <SingleplayerModule value="true" />
  <MultiplayerModule value="false" />
  <!-- e1.8.0 -->
  <ModuleCategory value="Singleplayer"/>
  <SubModules>
    <SubModule>
      <Name value="HampterBattleSize" />
      <DLLName value="HampterBattleSize.dll" />
      <SubModuleClassType value="HampterBattleSize.SubModule" />
      <Tags />
    </SubModule>
  </SubModules>	
</Module>
